"","Year","Forecast","LowerPI","UpperPI"
"1",2011,2770.68325291388,1631.63029555554,3921.04450159288
"2",2012,1892.8344804748,804.829184549645,2981.27422333825
"3",2013,1866.32609862799,742.757452151011,2995.77302322768
"4",2014,1352.64028373753,191.796636442906,2520.99616906824
"5",2015,1805.41318138368,597.655306085232,3009.32831899246
"6",2016,2598.58748671753,1535.01666982838,3658.60909955208
"7",2017,3646.34619847707,2475.92807890708,4817.95835947286
"8",2018,1871.34921827706,713.610515044815,3026.25717297771
