"","Year","Forecast","LowerPI","UpperPI"
"1",2011,2854.33195450275,1742.32561934229,3953.05234434542
"2",2012,2009.58820044861,925.713102567862,3089.77695852459
"3",2013,2152.5576098874,1020.08759218547,3273.81679611178
"4",2014,1912.51835070715,786.750669478502,3033.03203685948
"5",2015,1986.89766783636,800.863784298691,3162.4903786865
"6",2016,2660.10721759915,1581.34340111513,3733.14573493804
"7",2017,3161.94085936897,2044.11292983629,4281.71785484789
"8",2018,2130.15535213929,945.423148679245,3295.96942924539
