"","Year","Forecast","LowerPI","UpperPI"
"1",2011,2822.92641622013,1682.37179439808,3952.32294055322
"2",2012,2023.5868010283,907.891108739514,3134.30009530488
"3",2013,2198.85667220984,1039.85763325706,3337.08617641542
"4",2014,1998.67938566911,839.805095541889,3153.9747403715
"5",2015,2086.26775924206,891.305967561326,3266.1450001881
"6",2016,2661.32565922697,1557.59926052163,3760.06646683906
"7",2017,3170.78612708142,2030.91617322451,4318.72671175442
"8",2018,2281.55068764384,1065.97875725062,3473.35800597909
