"","Year","Forecast","LowerPI","UpperPI"
"1",2011,2908.96614741165,1883.59499398052,3938.56719225106
"2",2012,1965.64376626008,953.328649856799,2965.84520098145
"3",2013,2177.01505032073,1140.40790708778,3226.14098894439
"4",2014,1803.60791464094,766.413016971495,2841.07022297054
"5",2015,1952.09310067819,794.463234691341,3092.08894636833
"6",2016,2633.5945489425,1632.83504095881,3633.1992576924
"7",2017,3140.88951959408,2095.01301215261,4190.58622622261
"8",2018,1984.05251386116,885.933037401112,3067.75603919893
