"","Year","Forecast","LowerPI","UpperPI"
"1",2011,2885.73749278536,1802.2794442865,3953.78174813762
"2",2012,1995.58959986891,943.53509639621,3045.25382174429
"3",2013,2106.25854756497,1000.31755111389,3210.54741580814
"4",2014,1826.3573157452,733.696243415115,2912.08933334746
"5",2015,1887.52757643065,710.421601036056,3058.83575718489
"6",2016,2658.88877597133,1605.08754170863,3706.22500303702
"7",2017,3153.09559165653,2057.30968644806,4244.70899794136
"8",2018,1978.76001663473,824.867540107872,3118.58085251168
